[F2](==,||);BATT
23:47:47;3236;7823,30
23:48:07;3260;7881,32
23:48:27;3260;7881,32
23:48:47;3262;7886,15
23:49:08;3259;7878,90
23:49:28;3259;7878,90
23:49:48;3261;7883,74
23:50:08;3261;7883,74
23:50:28;3260;7881,32
23:50:48;3260;7881,32
23:51:08;3258;7876,48
23:51:28;3259;7878,90
23:51:48;3259;7878,90
23:52:08;3261;7883,74
23:52:28;3261;7883,74
23:52:48;3260;7881,32
23:53:08;3260;7881,32
23:53:28;3262;7886,15
23:53:48;3260;7881,32
23:54:08;3261;7883,74
23:54:28;3261;7883,74
23:54:48;3259;7878,90
23:55:08;3259;7878,90
23:55:28;3259;7878,90
23:55:48;3259;7878,90
23:56:08;3259;7878,90
23:56:28;3259;7878,90
23:56:48;3258;7876,48
23:57:08;3259;7878,90
23:57:28;3260;7881,32
23:57:48;3259;7878,90
23:58:08;3260;7881,32
23:58:28;3259;7878,90
23:58:48;3260;7881,32
23:59:08;3258;7876,48
23:59:28;3259;7878,90
23:59:48;3257;7874,07
00:00:08;3259;7878,90
00:00:28;3259;7878,90
00:00:48;3258;7876,48
00:01:08;3257;7874,07
00:01:28;3257;7874,07
00:01:48;3257;7874,07
00:02:08;3257;7874,07
00:02:28;3258;7876,48
00:02:48;3257;7874,07
00:03:08;3257;7874,07
00:03:28;3257;7874,07
00:03:48;3259;7878,90
00:04:08;3258;7876,48
00:04:28;3256;7871,65
00:04:48;3257;7874,07
00:05:08;3257;7874,07
00:05:28;3257;7874,07
00:05:48;3257;7874,07
00:06:08;3256;7871,65
00:06:28;3257;7874,07
00:06:48;3258;7876,48
00:07:08;3257;7874,07
00:07:28;3256;7871,65
00:07:48;3258;7876,48
00:08:08;3256;7871,65
00:08:28;3256;7871,65
00:08:48;3257;7874,07
00:09:08;3256;7871,65
00:09:28;3257;7874,07
00:09:48;3256;7871,65
00:10:08;3255;7869,23
00:10:28;3256;7871,65
00:10:48;3256;7871,65
00:11:08;3256;7871,65
00:11:28;3254;7866,81
00:11:48;3254;7866,81
00:12:08;3254;7866,81
00:12:28;3256;7871,65
00:12:48;3255;7869,23
00:13:08;3253;7864,40
00:13:28;3254;7866,81
00:13:48;3255;7869,23
00:14:08;3256;7871,65
00:14:28;3255;7869,23
00:14:48;3255;7869,23
00:15:08;3254;7866,81
00:15:28;3252;7861,98
00:15:48;3255;7869,23
00:16:08;3255;7869,23
00:16:28;3253;7864,40
00:16:48;3253;7864,40
00:17:08;3254;7866,81
00:17:28;3255;7869,23
00:17:48;3255;7869,23
00:18:08;3255;7869,23
00:18:28;3252;7861,98
00:18:48;3255;7869,23
00:19:08;3254;7866,81
00:19:28;3253;7864,40
00:19:48;3252;7861,98
00:20:08;3254;7866,81
00:20:28;3253;7864,40
00:20:48;3254;7866,81
00:21:08;3252;7861,98
00:21:28;3250;7857,14
00:21:48;3251;7859,56
00:22:08;3251;7859,56
00:22:28;3249;7854,73
00:22:48;3253;7864,40
00:23:08;3252;7861,98
00:23:28;3254;7866,81
00:23:48;3252;7861,98
00:24:08;3251;7859,56
00:24:28;3254;7866,81
00:24:48;3252;7861,98
00:25:08;3249;7854,73
00:25:28;3251;7859,56
00:25:48;3248;7852,31
00:26:08;3251;7859,56
00:26:28;3251;7859,56
00:26:48;3251;7859,56
00:27:08;3247;7849,89
00:27:28;3249;7854,73
00:27:48;3249;7854,73
00:28:08;3249;7854,73
00:28:28;3247;7849,89
00:28:48;3247;7849,89
00:29:08;3249;7854,73
00:29:28;3251;7859,56
00:29:48;3247;7849,89
00:30:08;3247;7849,89
00:30:28;3247;7849,89
00:30:48;3246;7847,47
00:31:08;3249;7854,73
00:31:28;3247;7849,89
00:31:48;3246;7847,47
00:32:08;3247;7849,89
00:32:28;3247;7849,89
00:32:48;3247;7849,89
00:33:08;3247;7849,89
00:33:28;3248;7852,31
00:33:48;3246;7847,47
00:34:08;3248;7852,31
00:34:28;3246;7847,47
00:34:48;3249;7854,73
00:35:08;3248;7852,31
00:35:28;3246;7847,47
00:35:48;3244;7842,64
00:36:08;3245;7845,06
00:36:28;3244;7842,64
00:36:48;3244;7842,64
00:37:08;3246;7847,47
00:37:28;3246;7847,47
00:37:48;3246;7847,47
00:38:08;3246;7847,47
00:38:28;3246;7847,47
00:38:48;3245;7845,06
00:39:08;3246;7847,47
00:39:28;3244;7842,64
00:39:48;3244;7842,64
00:40:08;3243;7840,22
00:40:28;3244;7842,64
00:40:48;3247;7849,89
00:41:08;3243;7840,22
00:41:28;3243;7840,22
00:41:48;3243;7840,22
00:42:08;3245;7845,06
00:42:28;3242;7837,80
00:42:48;3243;7840,22
00:43:08;3243;7840,22
00:43:28;3244;7842,64
00:43:48;3244;7842,64
00:44:08;3246;7847,47
00:44:28;3244;7842,64
00:44:48;3244;7842,64
00:45:08;3242;7837,80
00:45:28;3243;7840,22
00:45:48;3245;7845,06
00:46:08;3244;7842,64
00:46:28;3245;7845,06
00:46:49;3243;7840,22
00:47:09;3243;7840,22
00:47:29;3241;7835,38
00:47:48;3244;7842,64
00:48:08;3242;7837,80
00:48:28;3242;7837,80
00:48:48;3242;7837,80
00:49:08;3241;7835,38
00:49:28;3242;7837,80
00:49:48;3241;7835,38
00:50:08;3242;7837,80
00:50:28;3242;7837,80
00:50:48;3242;7837,80
00:51:08;3242;7837,80
00:51:28;3241;7835,38
00:51:48;3242;7837,80
00:52:08;3240;7832,97
00:52:28;3243;7840,22
00:52:48;3239;7830,55
00:53:08;3241;7835,38
00:53:28;3242;7837,80
00:53:48;3241;7835,38
00:54:08;3242;7837,80
00:54:28;3240;7832,97
00:54:48;3242;7837,80
00:55:08;3240;7832,97
00:55:28;3241;7835,38
00:55:48;3240;7832,97
00:56:08;3240;7832,97
00:56:28;3239;7830,55
00:56:48;3240;7832,97
00:57:08;3240;7832,97
00:57:28;3240;7832,97
00:57:48;3239;7830,55
00:58:08;3242;7837,80
00:58:28;3240;7832,97
00:58:48;3240;7832,97
00:59:08;3240;7832,97
00:59:28;3239;7830,55
00:59:48;3239;7830,55
01:00:09;3238;7828,13
01:00:29;3239;7830,55
01:00:49;3239;7830,55
01:01:09;3240;7832,97
01:01:29;3238;7828,13
01:01:49;3238;7828,13
01:02:09;3239;7830,55
01:02:29;3238;7828,13
01:02:47;3235;7820,88
01:03:07;3238;7828,13
01:03:27;3237;7825,71
01:03:47;3237;7825,71
01:04:07;3237;7825,71
01:04:27;3237;7825,71
01:04:47;3236;7823,30
01:05:07;3238;7828,13
01:05:27;3239;7830,55
01:05:47;3236;7823,30
01:06:07;3236;7823,30
01:06:28;3237;7825,71
01:06:48;3237;7825,71
01:07:08;3238;7828,13
01:07:28;3237;7825,71
01:07:48;3239;7830,55
01:08:08;3237;7825,71
01:08:28;3236;7823,30
01:08:48;3237;7825,71
01:09:08;3235;7820,88
01:09:28;3238;7828,13
01:09:48;3238;7828,13
01:10:08;3238;7828,13
01:10:28;3237;7825,71
01:10:48;3235;7820,88
01:11:08;3236;7823,30
01:11:28;3237;7825,71
01:11:48;3238;7828,13
01:12:08;3235;7820,88
01:12:28;3237;7825,71
01:12:48;3236;7823,30
01:13:08;3237;7825,71
01:13:28;3235;7820,88
01:13:48;3238;7828,13
01:14:08;3237;7825,71
01:14:28;3235;7820,88
01:14:48;3237;7825,71
01:15:08;3234;7818,46
01:15:28;3234;7818,46
01:15:48;3234;7818,46
01:16:08;3233;7816,04
01:16:28;3232;7813,63
01:16:48;3235;7820,88
01:17:08;3235;7820,88
01:17:28;3235;7820,88
01:17:49;3234;7818,46
01:18:09;3233;7816,04
01:18:29;3234;7818,46
01:18:49;3233;7816,04
01:19:09;3237;7825,71
01:19:29;3234;7818,46
01:19:49;3235;7820,88
01:20:09;3234;7818,46
01:20:29;3233;7816,04
01:20:49;3237;7825,71
01:21:09;3234;7818,46
01:21:29;3233;7816,04
01:21:49;3232;7813,63
01:22:09;3231;7811,21
01:22:29;3232;7813,63
01:22:49;3232;7813,63
01:23:09;3232;7813,63
01:23:29;3233;7816,04
01:23:49;3232;7813,63
01:24:09;3233;7816,04
01:24:29;3233;7816,04
01:24:49;3233;7816,04
01:25:09;3230;7808,79
01:25:29;3231;7811,21
01:25:49;3231;7811,21
01:26:09;3234;7818,46
01:26:29;3231;7811,21
01:26:49;3229;7806,37
01:27:09;3230;7808,79
01:27:29;3232;7813,63
01:27:49;3230;7808,79
01:28:09;3228;7803,96
01:28:29;3233;7816,04
01:28:49;3232;7813,63
01:29:09;3230;7808,79
01:29:29;3233;7816,04
01:29:49;3230;7808,79
01:30:09;3227;7801,54
01:30:29;3230;7808,79
01:30:49;3230;7808,79
01:31:09;3230;7808,79
01:31:29;3231;7811,21
01:31:49;3229;7806,37
01:32:09;3229;7806,37
01:32:29;3229;7806,37
01:32:49;3228;7803,96
01:33:09;3230;7808,79
01:33:29;3230;7808,79
01:33:49;3229;7806,37
01:34:09;3231;7811,21
01:34:29;3228;7803,96
01:34:49;3230;7808,79
01:35:09;3230;7808,79
01:35:29;3229;7806,37
01:35:49;3229;7806,37
01:36:09;3228;7803,96
01:36:29;3227;7801,54
01:36:49;3230;7808,79
01:37:09;3229;7806,37
01:37:29;3228;7803,96
01:37:49;3229;7806,37
01:38:09;3230;7808,79
01:38:29;3230;7808,79
01:38:49;3229;7806,37
01:39:09;3228;7803,96
01:39:29;3229;7806,37
01:39:49;3231;7811,21
01:40:09;3228;7803,96
01:40:29;3230;7808,79
01:40:49;3228;7803,96
01:41:09;3228;7803,96
01:41:29;3229;7806,37
01:41:49;3227;7801,54
01:42:09;3229;7806,37
01:42:29;3228;7803,96
01:42:49;3227;7801,54
01:43:09;3229;7806,37
01:43:29;3227;7801,54
01:43:49;3227;7801,54
01:44:09;3228;7803,96
01:44:29;3229;7806,37
01:44:49;3227;7801,54
01:45:09;3227;7801,54
01:45:29;3227;7801,54
01:45:49;3228;7803,96
01:46:09;3228;7803,96
01:46:29;3228;7803,96
01:46:49;3227;7801,54
01:47:09;3227;7801,54
01:47:29;3226;7799,12
01:47:49;3225;7796,70
01:48:09;3225;7796,70
01:48:29;3225;7796,70
01:48:49;3226;7799,12
01:49:09;3227;7801,54
01:49:29;3225;7796,70
01:49:49;3227;7801,54
01:50:09;3226;7799,12
01:50:29;3227;7801,54
01:50:49;3227;7801,54
01:51:09;3225;7796,70
01:51:29;3226;7799,12
01:51:49;3226;7799,12
01:52:09;3226;7799,12
01:52:29;3225;7796,70
01:52:49;3226;7799,12
01:53:09;3227;7801,54
01:53:29;3226;7799,12
01:53:49;3226;7799,12
01:54:09;3225;7796,70
01:54:29;3226;7799,12
01:54:49;3225;7796,70
01:55:09;3227;7801,54
01:55:29;3226;7799,12
01:55:49;3225;7796,70
01:56:09;3225;7796,70
01:56:29;3226;7799,12
01:56:49;3224;7794,29
01:57:09;3225;7796,70
01:57:29;3226;7799,12
01:57:49;3226;7799,12
01:58:09;3226;7799,12
01:58:29;3224;7794,29
01:58:49;3226;7799,12
01:59:09;3226;7799,12
01:59:29;3225;7796,70
01:59:49;3222;7789,45
02:00:10;3224;7794,29
02:00:30;3225;7796,70
02:00:50;3225;7796,70
02:01:10;3226;7799,12
02:01:30;3225;7796,70
02:01:50;3225;7796,70
02:02:10;3225;7796,70
02:02:30;3224;7794,29
02:02:49;3225;7796,70
02:03:09;3224;7794,29
02:03:29;3225;7796,70
02:03:49;3225;7796,70
02:04:09;3225;7796,70
02:04:29;3225;7796,70
02:04:49;3224;7794,29
02:05:09;3226;7799,12
02:05:29;3224;7794,29
02:05:49;3225;7796,70
02:06:09;3223;7791,87
02:06:30;3224;7794,29
02:06:50;3224;7794,29
02:07:10;3222;7789,45
02:07:30;3226;7799,12
02:07:50;3224;7794,29
02:08:10;3224;7794,29
02:08:30;3224;7794,29
02:08:50;3223;7791,87
02:09:10;3225;7796,70
02:09:30;3224;7794,29
02:09:50;3223;7791,87
02:10:10;3223;7791,87
02:10:30;3224;7794,29
02:10:50;3223;7791,87
02:11:10;3223;7791,87
02:11:30;3223;7791,87
02:11:50;3224;7794,29
02:12:10;3224;7794,29
02:12:30;3223;7791,87
02:12:50;3224;7794,29
02:13:10;3223;7791,87
02:13:30;3223;7791,87
02:13:50;3224;7794,29
02:14:10;3223;7791,87
02:14:30;3226;7799,12
02:14:50;3223;7791,87
02:15:10;3223;7791,87
02:15:30;3224;7794,29
02:15:50;3222;7789,45
02:16:10;3222;7789,45
02:16:30;3224;7794,29
02:16:50;3224;7794,29
02:17:10;3225;7796,70
02:17:30;3223;7791,87
02:17:50;3224;7794,29
02:18:10;3219;7782,20
02:18:30;3224;7794,29
02:18:50;3223;7791,87
02:19:10;3222;7789,45
02:19:30;3223;7791,87
02:19:50;3223;7791,87
02:20:10;3222;7789,45
02:20:30;3222;7789,45
02:20:50;3222;7789,45
02:21:10;3222;7789,45
02:21:30;3223;7791,87
02:21:50;3223;7791,87
02:22:10;3222;7789,45
02:22:30;3222;7789,45
02:22:50;3221;7787,03
02:23:10;3222;7789,45
02:23:30;3221;7787,03
02:23:50;3221;7787,03
02:24:10;3220;7784,62
02:24:30;3222;7789,45
02:24:50;3221;7787,03
02:25:10;3221;7787,03
02:25:30;3220;7784,62
02:25:50;3221;7787,03
02:26:10;3219;7782,20
02:26:30;3219;7782,20
02:26:50;3222;7789,45
02:27:10;3220;7784,62
02:27:30;3220;7784,62
02:27:50;3220;7784,62
02:28:10;3219;7782,20
02:28:30;3220;7784,62
02:28:50;3220;7784,62
02:29:10;3221;7787,03
02:29:30;3221;7787,03
02:29:50;3219;7782,20
02:30:10;3221;7787,03
02:30:30;3221;7787,03
02:30:50;3219;7782,20
02:31:10;3220;7784,62
02:31:30;3221;7787,03
02:31:50;3220;7784,62
02:32:10;3219;7782,20
02:32:30;3220;7784,62
02:32:50;3220;7784,62
02:33:10;3218;7779,78
02:33:30;3218;7779,78
02:33:50;3219;7782,20
02:34:10;3220;7784,62
02:34:30;3220;7784,62
02:34:50;3218;7779,78
02:35:10;3220;7784,62
02:35:30;3219;7782,20
02:35:50;3217;7777,36
02:36:10;3217;7777,36
02:36:30;3220;7784,62
02:36:50;3218;7779,78
02:37:10;3217;7777,36
02:37:30;3218;7779,78
02:37:50;3220;7784,62
02:38:10;3217;7777,36
02:38:30;3218;7779,78
02:38:50;3216;7774,94
02:39:10;3216;7774,94
02:39:30;3216;7774,94
02:39:50;3217;7777,36
02:40:10;3217;7777,36
02:40:30;3219;7782,20
02:40:50;3218;7779,78
02:41:10;3218;7779,78
02:41:30;3215;7772,53
02:41:50;3214;7770,11
02:42:10;3217;7777,36
02:42:30;3217;7777,36
02:42:50;3215;7772,53
02:43:10;3215;7772,53
02:43:30;3216;7774,94
02:43:50;3216;7774,94
02:44:10;3217;7777,36
02:44:30;3216;7774,94
02:44:50;3216;7774,94
02:45:10;3216;7774,94
02:45:30;3216;7774,94
02:45:50;3216;7774,94
02:46:10;3216;7774,94
02:46:30;3215;7772,53
02:46:50;3213;7767,69
02:47:10;3214;7770,11
02:47:30;3217;7777,36
02:47:50;3213;7767,69
02:48:10;3214;7770,11
02:48:30;3214;7770,11
02:48:50;3214;7770,11
02:49:10;3215;7772,53
02:49:30;3215;7772,53
02:49:50;3215;7772,53
02:50:10;3215;7772,53
02:50:30;3213;7767,69
02:50:50;3212;7765,27
02:51:10;3214;7770,11
02:51:30;3213;7767,69
02:51:50;3213;7767,69
02:52:10;3214;7770,11
02:52:30;3212;7765,27
02:52:50;3215;7772,53
02:53:10;3213;7767,69
02:53:30;3214;7770,11
02:53:50;3213;7767,69
02:54:10;3213;7767,69
02:54:30;3213;7767,69
02:54:50;3214;7770,11
02:55:10;3212;7765,27
02:55:30;3210;7760,44
02:55:50;3210;7760,44
02:56:10;3211;7762,86
02:56:30;3212;7765,27
02:56:50;3211;7762,86
02:57:10;3212;7765,27
02:57:30;3211;7762,86
02:57:50;3212;7765,27
02:58:10;3210;7760,44
02:58:30;3212;7765,27
02:58:50;3211;7762,86
02:59:10;3210;7760,44
02:59:30;3209;7758,02
02:59:50;3210;7760,44
03:00:10;3209;7758,02
03:00:30;3209;7758,02
03:00:50;3208;7755,60
03:01:10;3210;7760,44
03:01:30;3209;7758,02
03:01:50;3208;7755,60
03:02:10;3209;7758,02
03:02:30;3211;7762,86
03:02:52;3210;7760,44
03:03:12;3209;7758,02
03:03:32;3207;7753,19
03:03:52;3209;7758,02
03:04:12;3209;7758,02
03:04:32;3207;7753,19
03:04:52;3210;7760,44
03:05:12;3209;7758,02
03:05:32;3207;7753,19
03:05:52;3207;7753,19
03:06:12;3207;7753,19
03:06:32;3207;7753,19
03:06:52;3209;7758,02
03:07:12;3208;7755,60
03:07:32;3208;7755,60
03:07:52;3209;7758,02
03:08:12;3207;7753,19
03:08:32;3208;7755,60
03:08:52;3207;7753,19
03:09:12;3208;7755,60
03:09:32;3208;7755,60
03:09:52;3206;7750,77
03:10:12;3206;7750,77
03:10:32;3205;7748,35
03:10:52;3206;7750,77
03:11:12;3206;7750,77
03:11:32;3207;7753,19
03:11:52;3206;7750,77
03:12:12;3203;7743,52
03:12:32;3206;7750,77
03:12:52;3207;7753,19
03:13:12;3204;7745,93
03:13:32;3206;7750,77
03:13:52;3205;7748,35
03:14:12;3202;7741,10
03:14:32;3202;7741,10
03:14:52;3203;7743,52
03:15:12;3203;7743,52
03:15:32;3203;7743,52
03:15:52;3207;7753,19
03:16:12;3204;7745,93
03:16:32;3205;7748,35
03:16:52;3203;7743,52
03:17:12;3200;7736,26
03:17:32;3202;7741,10
03:17:53;3199;7733,85
03:18:14;3201;7738,68
03:18:34;3200;7736,26
03:18:54;3200;7736,26
03:19:14;3198;7731,43
03:19:34;3202;7741,10
03:19:54;3203;7743,52
03:20:14;3199;7733,85
03:20:34;3204;7745,93
03:20:54;3200;7736,26
03:21:14;3199;7733,85
03:21:34;3199;7733,85
03:21:54;3197;7729,01
03:22:14;3199;7733,85
03:22:34;3199;7733,85
03:22:54;3198;7731,43
03:23:14;3197;7729,01
03:23:34;3196;7726,59
03:23:54;3198;7731,43
03:24:14;3195;7724,18
03:24:34;3200;7736,26
03:24:54;3197;7729,01
03:25:14;3196;7726,59
03:25:34;3197;7729,01
03:25:54;3196;7726,59
03:26:14;3197;7729,01
03:26:34;3195;7724,18
03:26:54;3196;7726,59
03:27:14;3195;7724,18
03:27:34;3199;7733,85
03:27:54;3197;7729,01
03:28:14;3200;7736,26
03:28:34;3197;7729,01
03:28:54;3197;7729,01
03:29:14;3193;7719,34
03:29:34;3196;7726,59
03:29:54;3197;7729,01
03:30:14;3196;7726,59
03:30:34;3196;7726,59
03:30:54;3195;7724,18
03:31:14;3194;7721,76
03:31:34;3194;7721,76
03:31:54;3193;7719,34
03:32:14;3194;7721,76
03:32:34;3196;7726,59
03:32:54;3194;7721,76
03:33:14;3195;7724,18
03:33:34;3195;7724,18
03:33:54;3193;7719,34
03:34:14;3194;7721,76
03:34:34;3194;7721,76
03:34:54;3193;7719,34
03:35:14;3193;7719,34
03:35:34;3195;7724,18
03:35:54;3195;7724,18
03:36:14;3193;7719,34
03:36:34;3193;7719,34
03:36:54;3193;7719,34
03:37:14;3192;7716,92
03:37:34;3193;7719,34
03:37:54;3194;7721,76
03:38:14;3190;7712,09
03:38:34;3193;7719,34
03:38:54;3192;7716,92
03:39:14;3193;7719,34
03:39:34;3190;7712,09
03:39:54;3192;7716,92
03:40:14;3192;7716,92
03:40:34;3192;7716,92
03:40:54;3189;7709,67
03:41:14;3191;7714,51
03:41:34;3191;7714,51
03:41:54;3191;7714,51
03:42:14;3189;7709,67
03:42:34;3189;7709,67
03:42:54;3191;7714,51
03:43:14;3191;7714,51
03:43:34;3189;7709,67
03:43:54;3191;7714,51
03:44:14;3190;7712,09
03:44:34;3190;7712,09
03:44:54;3189;7709,67
03:45:14;3192;7716,92
03:45:34;3191;7714,51
03:45:54;3188;7707,25
03:46:14;3190;7712,09
03:46:34;3190;7712,09
03:46:54;3190;7712,09
03:47:14;3189;7709,67
03:47:34;3189;7709,67
03:47:55;3185;7700,00
03:48:16;3189;7709,67
03:48:36;3188;7707,25
03:48:56;3188;7707,25
03:49:16;3187;7704,83
03:49:36;3188;7707,25
03:49:56;3186;7702,42
03:50:16;3187;7704,83
03:50:36;3188;7707,25
03:50:56;3188;7707,25
03:51:16;3185;7700,00
03:51:36;3186;7702,42
03:51:56;3185;7700,00
03:52:16;3184;7697,58
03:52:36;3183;7695,17
03:52:56;3185;7700,00
03:53:16;3184;7697,58
03:53:36;3186;7702,42
03:53:56;3185;7700,00
03:54:16;3183;7695,17
03:54:36;3186;7702,42
03:54:56;3184;7697,58
03:55:16;3184;7697,58
03:55:36;3182;7692,75
03:55:56;3182;7692,75
03:56:16;3182;7692,75
03:56:36;3183;7695,17
03:56:56;3183;7695,17
03:57:16;3183;7695,17
03:57:36;3182;7692,75
03:57:56;3180;7687,91
03:58:16;3181;7690,33
03:58:36;3182;7692,75
03:58:56;3180;7687,91
03:59:16;3183;7695,17
03:59:36;3181;7690,33
03:59:56;3182;7692,75
04:00:16;3181;7690,33
04:00:36;3181;7690,33
04:00:56;3182;7692,75
04:01:16;3181;7690,33
04:01:36;3182;7692,75
04:01:56;3182;7692,75
04:02:16;3181;7690,33
04:02:36;3179;7685,49
04:02:56;3178;7683,08
04:03:16;3179;7685,49
04:03:36;3180;7687,91
04:03:56;3179;7685,49
04:04:16;3177;7680,66
04:04:36;3178;7683,08
04:04:56;3178;7683,08
04:05:16;3179;7685,49
04:05:36;3179;7685,49
04:05:56;3180;7687,91
04:06:16;3177;7680,66
04:06:36;3178;7683,08
04:06:56;3178;7683,08
04:07:16;3179;7685,49
04:07:36;3178;7683,08
04:07:56;3178;7683,08
04:08:16;3178;7683,08
04:08:36;3177;7680,66
04:08:56;3177;7680,66
04:09:16;3177;7680,66
04:09:36;3176;7678,24
04:09:56;3175;7675,82
04:10:16;3178;7683,08
04:10:36;3178;7683,08
04:10:56;3177;7680,66
04:11:16;3176;7678,24
04:11:36;3177;7680,66
04:11:56;3175;7675,82
04:12:16;3178;7683,08
04:12:36;3177;7680,66
04:12:56;3176;7678,24
04:13:16;3177;7680,66
04:13:36;3174;7673,41
04:13:56;3177;7680,66
04:14:16;3175;7675,82
04:14:36;3175;7675,82
04:14:56;3176;7678,24
04:15:16;3177;7680,66
04:15:36;3173;7670,99
04:15:56;3174;7673,41
04:16:16;3174;7673,41
04:16:36;3173;7670,99
04:16:56;3175;7675,82
04:17:16;3174;7673,41
04:17:36;3173;7670,99
04:17:56;3174;7673,41
04:18:16;3172;7668,57
04:18:36;3171;7666,15
04:18:56;3172;7668,57
04:19:16;3172;7668,57
04:19:36;3173;7670,99
04:19:56;3173;7670,99
04:20:16;3173;7670,99
04:20:36;3172;7668,57
04:20:56;3173;7670,99
04:21:16;3170;7663,74
04:21:36;3172;7668,57
04:21:56;3170;7663,74
04:22:16;3170;7663,74
04:22:36;3172;7668,57
04:22:56;3170;7663,74
04:23:16;3170;7663,74
04:23:36;3170;7663,74
04:23:56;3171;7666,15
04:24:16;3171;7666,15
04:24:36;3170;7663,74
04:24:56;3168;7658,90
04:25:16;3168;7658,90
04:25:36;3171;7666,15
04:25:56;3166;7654,07
04:26:16;3168;7658,90
04:26:36;3169;7661,32
04:26:56;3168;7658,90
04:27:16;3170;7663,74
04:27:36;3166;7654,07
04:27:56;3168;7658,90
04:28:16;3167;7656,48
04:28:36;3165;7651,65
04:28:56;3165;7651,65
04:29:16;3167;7656,48
04:29:36;3166;7654,07
04:29:56;3165;7651,65
04:30:16;3169;7661,32
04:30:36;3166;7654,07
04:30:56;3165;7651,65
04:31:16;3166;7654,07
04:31:36;3165;7651,65
04:31:56;3163;7646,81
04:32:16;3164;7649,23
04:32:36;3165;7651,65
04:32:56;3165;7651,65
04:33:16;3164;7649,23
04:33:36;3162;7644,40
04:33:56;3165;7651,65
04:34:16;3164;7649,23
04:34:36;3164;7649,23
04:34:56;3164;7649,23
04:35:16;3162;7644,40
04:35:36;3162;7644,40
04:35:56;3161;7641,98
04:36:16;3164;7649,23
04:36:36;3162;7644,40
04:36:56;3162;7644,40
04:37:16;3164;7649,23
04:37:36;3163;7646,81
04:37:56;3163;7646,81
04:38:16;3163;7646,81
04:38:36;3165;7651,65
04:38:56;3163;7646,81
04:39:16;3162;7644,40
04:39:36;3161;7641,98
04:39:56;3161;7641,98
04:40:16;3161;7641,98
04:40:36;3162;7644,40
04:40:56;3160;7639,56
04:41:16;3160;7639,56
04:41:36;3163;7646,81
04:41:56;3160;7639,56
04:42:16;3161;7641,98
04:42:36;3160;7639,56
04:42:56;3161;7641,98
04:43:16;3161;7641,98
04:43:36;3159;7637,14
04:43:56;3162;7644,40
04:44:16;3160;7639,56
04:44:36;3160;7639,56
04:44:56;3160;7639,56
04:45:16;3160;7639,56
04:45:36;3160;7639,56
04:45:56;3159;7637,14
04:46:16;3159;7637,14
04:46:36;3158;7634,73
04:46:56;3158;7634,73
04:47:17;3158;7634,73
04:47:37;3158;7634,73
04:47:57;3155;7627,47
04:48:17;3159;7637,14
04:48:37;3157;7632,31
04:48:57;3156;7629,89
04:49:17;3158;7634,73
04:49:37;3157;7632,31
04:49:57;3157;7632,31
04:50:17;3157;7632,31
04:50:37;3157;7632,31
04:50:57;3157;7632,31
04:51:17;3156;7629,89
04:51:37;3155;7627,47
04:51:57;3155;7627,47
04:52:17;3155;7627,47
04:52:37;3156;7629,89
04:52:57;3156;7629,89
04:53:17;3155;7627,47
04:53:37;3155;7627,47
04:53:57;3153;7622,64
04:54:17;3154;7625,06
04:54:37;3155;7627,47
04:54:57;3155;7627,47
04:55:17;3155;7627,47
04:55:37;3152;7620,22
04:55:57;3151;7617,80
04:56:17;3152;7620,22
04:56:37;3152;7620,22
04:56:57;3152;7620,22
04:57:17;3153;7622,64
04:57:37;3151;7617,80
04:57:57;3154;7625,06
04:58:17;3154;7625,06
04:58:37;3154;7625,06
04:58:57;3155;7627,47
04:59:17;3152;7620,22
04:59:37;3150;7615,38
04:59:57;3152;7620,22
05:00:17;3152;7620,22
05:00:37;3150;7615,38
05:00:57;3150;7615,38
05:01:17;3150;7615,38
05:01:37;3150;7615,38
05:01:57;3150;7615,38
05:02:17;3151;7617,80
05:02:37;3149;7612,97
05:02:58;3149;7612,97
05:03:18;3150;7615,38
05:03:38;3151;7617,80
05:03:58;3147;7608,13
05:04:18;3148;7610,55
05:04:38;3148;7610,55
05:04:58;3148;7610,55
05:05:18;3148;7610,55
05:05:38;3150;7615,38
05:05:58;3146;7605,71
05:06:18;3148;7610,55
05:06:38;3148;7610,55
05:06:58;3148;7610,55
05:07:18;3147;7608,13
05:07:38;3147;7608,13
05:07:58;3147;7608,13
05:08:18;3147;7608,13
05:08:38;3147;7608,13
05:08:58;3147;7608,13
05:09:18;3146;7605,71
05:09:38;3146;7605,71
05:09:58;3146;7605,71
05:10:18;3147;7608,13
05:10:38;3146;7605,71
05:10:58;3145;7603,30
05:11:18;3146;7605,71
05:11:38;3146;7605,71
05:11:58;3145;7603,30
05:12:18;3144;7600,88
05:12:38;3147;7608,13
05:12:58;3144;7600,88
05:13:18;3144;7600,88
05:13:38;3145;7603,30
05:13:58;3145;7603,30
05:14:18;3144;7600,88
05:14:38;3144;7600,88
05:14:58;3143;7598,46
05:15:18;3144;7600,88
05:15:38;3144;7600,88
05:15:58;3144;7600,88
05:16:18;3145;7603,30
05:16:38;3144;7600,88
05:16:58;3143;7598,46
05:17:18;3145;7603,30
05:17:38;3144;7600,88
05:17:58;3142;7596,04
05:18:18;3144;7600,88
05:18:38;3144;7600,88
05:18:58;3142;7596,04
05:19:18;3142;7596,04
05:19:38;3142;7596,04
05:19:58;3142;7596,04
05:20:18;3140;7591,21
05:20:38;3140;7591,21
05:20:58;3139;7588,79
05:21:18;3141;7593,63
05:21:38;3141;7593,63
05:21:58;3140;7591,21
05:22:18;3139;7588,79
05:22:38;3137;7583,96
05:22:58;3139;7588,79
05:23:18;3139;7588,79
05:23:38;3139;7588,79
05:23:58;3136;7581,54
05:24:18;3138;7586,37
05:24:38;3138;7586,37
05:24:58;3140;7591,21
05:25:18;3137;7583,96
05:25:38;3139;7588,79
05:25:58;3138;7586,37
05:26:18;3140;7591,21
05:26:38;3140;7591,21
05:26:58;3138;7586,37
05:27:18;3135;7579,12
05:27:38;3136;7581,54
05:27:58;3135;7579,12
05:28:18;3137;7583,96
05:28:38;3136;7581,54
05:28:58;3133;7574,29
05:29:18;3136;7581,54
05:29:38;3132;7571,87
05:29:58;3133;7574,29
05:30:18;3133;7574,29
05:30:39;3104;7504,18
05:30:59;3134;7576,70
05:31:19;3135;7579,12
05:31:39;3135;7579,12
05:31:59;3133;7574,29
05:32:19;3132;7571,87
05:32:39;3133;7574,29
05:32:59;3136;7581,54
05:33:19;3132;7571,87
05:33:39;3133;7574,29
05:33:59;3133;7574,29
05:34:19;3132;7571,87
05:34:39;3132;7571,87
05:34:59;3132;7571,87
05:35:19;3133;7574,29
05:35:39;3096;7484,83
05:35:59;3131;7569,45
05:36:19;3130;7567,03
05:36:39;3131;7569,45
05:36:59;3132;7571,87
05:37:19;3131;7569,45
05:37:39;3130;7567,03
05:37:59;3132;7571,87
05:38:19;3130;7567,03
05:38:39;3133;7574,29
05:38:59;3131;7569,45
05:39:19;3131;7569,45
05:39:39;3131;7569,45
05:39:59;3131;7569,45
05:40:20;3129;7564,62
05:40:40;3129;7564,62
05:41:00;3129;7564,62
05:41:20;3130;7567,03
05:41:40;3131;7569,45
05:42:00;3130;7567,03
05:42:20;3130;7567,03
05:42:40;3130;7567,03
05:43:00;3129;7564,62
05:43:20;3129;7564,62
05:43:40;3130;7567,03
05:44:00;3130;7567,03
05:44:20;3128;7562,20
05:44:40;3128;7562,20
05:45:00;3128;7562,20
05:45:20;3129;7564,62
05:45:40;3129;7564,62
05:46:00;3130;7567,03
05:46:20;3127;7559,78
05:46:40;3128;7562,20
05:47:00;3129;7564,62
05:47:20;3127;7559,78
05:47:40;3129;7564,62
05:48:00;3129;7564,62
05:48:20;3127;7559,78
05:48:40;3127;7559,78
05:49:00;3128;7562,20
05:49:20;3126;7557,36
05:49:40;3127;7559,78
05:50:00;3129;7564,62
05:50:20;3128;7562,20
05:50:40;3125;7554,94
05:51:00;3125;7554,94
05:51:20;3127;7559,78
05:51:40;3125;7554,94
05:52:00;3126;7557,36
05:52:20;3127;7559,78
05:52:40;3126;7557,36
05:53:00;3126;7557,36
05:53:20;3125;7554,94
05:53:40;3125;7554,94
05:54:00;3126;7557,36
05:54:20;3127;7559,78
05:54:40;3125;7554,94
05:55:00;3127;7559,78
05:55:20;3125;7554,94
05:55:40;3124;7552,53
05:56:00;3125;7554,94
05:56:20;3123;7550,11
05:56:40;3124;7552,53
05:57:00;3125;7554,94
05:57:20;3124;7552,53
05:57:40;3125;7554,94
05:58:00;3123;7550,11
05:58:20;3123;7550,11
05:58:40;3124;7552,53
05:59:00;3124;7552,53
05:59:20;3120;7542,86
05:59:40;3125;7554,94
06:00:00;3123;7550,11
06:00:20;3124;7552,53
06:00:40;3094;7480,00
06:01:00;3121;7545,27
06:01:20;3124;7552,53
06:01:40;3121;7545,27
06:02:00;3123;7550,11
06:02:20;3123;7550,11
06:02:40;3122;7547,69
06:03:00;3120;7542,86
06:03:20;3122;7547,69
06:03:40;3121;7545,27
06:04:00;3124;7552,53
06:04:20;3121;7545,27
06:04:40;3120;7542,86
06:05:00;3124;7552,53
06:05:20;3121;7545,27
06:05:40;3121;7545,27
06:06:00;3123;7550,11
06:06:20;3121;7545,27
06:06:40;3121;7545,27
06:07:00;3120;7542,86
06:07:20;3122;7547,69
06:07:40;3120;7542,86
06:08:00;3120;7542,86
06:08:20;3120;7542,86
06:08:41;3120;7542,86
06:09:01;3119;7540,44
06:09:21;3118;7538,02
06:09:41;3120;7542,86
06:10:01;3120;7542,86
06:10:21;3120;7542,86
06:10:41;3117;7535,60
06:11:01;3118;7538,02
06:11:21;3117;7535,60
06:11:41;3118;7538,02
06:12:01;3119;7540,44
06:12:21;3119;7540,44
06:12:41;3117;7535,60
06:13:01;3119;7540,44
06:13:21;3118;7538,02
06:13:41;3119;7540,44
06:14:01;3119;7540,44
06:14:21;3117;7535,60
06:14:41;3118;7538,02
06:15:01;3115;7530,77
06:15:21;3116;7533,19
06:15:41;3118;7538,02
06:16:01;3116;7533,19
06:16:21;3116;7533,19
06:16:41;3117;7535,60
06:17:01;3117;7535,60
06:17:21;3116;7533,19
06:17:41;3116;7533,19
06:18:01;3072;7426,81
06:18:21;3117;7535,60
06:18:41;3116;7533,19
06:19:01;3116;7533,19
06:19:21;3116;7533,19
06:19:41;3116;7533,19
06:20:01;3116;7533,19
06:20:21;3114;7528,35
06:20:41;3114;7528,35
06:21:01;3116;7533,19
06:21:21;3115;7530,77
06:21:41;3116;7533,19
06:22:01;3115;7530,77
06:22:21;3114;7528,35
06:22:41;3113;7525,93
06:23:01;3114;7528,35
06:23:21;3114;7528,35
06:23:41;3114;7528,35
06:24:01;3113;7525,93
06:24:21;3115;7530,77
06:24:41;3114;7528,35
06:25:01;3115;7530,77
06:25:21;3113;7525,93
06:25:41;3087;7463,08
06:26:01;3113;7525,93
06:26:21;3115;7530,77
06:26:41;3113;7525,93
06:27:01;3114;7528,35
06:27:21;3112;7523,52
06:27:42;3113;7525,93
06:28:02;3114;7528,35
06:28:22;3112;7523,52
06:28:42;3112;7523,52
06:29:02;3114;7528,35
06:29:22;3114;7528,35
06:29:42;3110;7518,68
06:30:02;3112;7523,52
06:30:22;3111;7521,10
06:30:42;3084;7455,82
06:31:02;3111;7521,10
06:31:22;3112;7523,52
06:31:42;3111;7521,10
06:32:02;3112;7523,52
06:32:22;3111;7521,10
06:32:42;3112;7523,52
06:33:02;3111;7521,10
06:33:22;3111;7521,10
06:33:42;3112;7523,52
06:34:02;3111;7521,10
06:34:22;3110;7518,68
06:34:42;3111;7521,10
06:35:02;3112;7523,52
06:35:22;3111;7521,10
06:35:42;3110;7518,68
06:36:02;3110;7518,68
06:36:22;3109;7516,26
06:36:42;3110;7518,68
06:37:02;3109;7516,26
06:37:22;3109;7516,26
06:37:42;3110;7518,68
06:38:02;3111;7521,10
06:38:22;3110;7518,68
06:38:42;3110;7518,68
06:39:02;3110;7518,68
06:39:22;3111;7521,10
06:39:42;3109;7516,26
06:40:02;3109;7516,26
06:40:22;3108;7513,85
06:40:42;3080;7446,15
06:41:02;3109;7516,26
06:41:22;3109;7516,26
06:41:42;3108;7513,85
06:42:02;3108;7513,85
06:42:22;3106;7509,01
06:42:42;3109;7516,26
06:43:02;3110;7518,68
06:43:23;3109;7516,26
06:43:43;3106;7509,01
06:44:03;3108;7513,85
06:44:23;3108;7513,85
06:44:43;3106;7509,01
06:45:03;3107;7511,43
06:45:23;3108;7513,85
06:45:43;3105;7506,59
06:46:03;3107;7511,43
06:46:23;3108;7513,85
06:46:43;3109;7516,26
06:47:03;3109;7516,26
06:47:23;3109;7516,26
06:47:43;3108;7513,85
06:48:02;3105;7506,59
06:48:22;3107;7511,43
06:48:42;3108;7513,85
06:49:02;3107;7511,43
06:49:22;3108;7513,85
06:49:42;3107;7511,43
06:50:02;3107;7511,43
